Class,AUC
Normal,0.988705137097147
MITM,1.0
Fingerprinting,0.9995283801020408
Ransomware,0.9994240342762549
Uploading,0.9999867338387631
SQL_injection,0.999966757022242
DDoS_HTTP,0.9999245588525845
DDoS_TCP,0.9999453513071219
Password,0.9999568102030723
Port_Scanning,0.9995579915074946
Vulnerability_scanner,0.9999305597257327
Backdoor,0.998836000387352
XSS,0.9999893089543821
DDoS_UDP,1.0
DDoS_ICMP,1.0
