eval_loss,eval_accuracy,eval_precision,eval_recall,eval_f1,eval_class_report,eval_runtime,eval_samples_per_second,eval_steps_per_second,epoch,training_time,inference_time
0.019416937604546547,0.9987642585551331,0.9987690091478904,0.9987642585551331,0.9987649500322057,"{'0': {'precision': 0.9993806771263418, 'recall': 0.9960905349794239, 'f1-score': 0.9977328936521023, 'support': 4860.0}, '1': {'precision': 1.0, 'recall': 1.0, 'f1-score': 1.0, 'support': 243.0}, '2': {'precision': 1.0, 'recall': 0.995, 'f1-score': 0.9974937343358395, 'support': 200.0}, '3': {'precision': 0.9918293236495688, 'recall': 1.0, 'f1-score': 0.995897903372835, 'support': 2185.0}, '4': {'precision': 1.0, 'recall': 0.9995131450827653, 'f1-score': 0.9997565132700268, 'support': 2054.0}, '5': {'precision': 0.9995152690256908, 'recall': 1.0, 'f1-score': 0.9997575757575757, 'support': 2062.0}, '6': {'precision': 1.0, 'recall': 0.9995265151515151, 'f1-score': 0.9997632015155103, 'support': 2112.0}, '7': {'precision': 1.0, 'recall': 0.9995121951219512, 'f1-score': 0.9997560380580629, 'support': 2050.0}, '8': {'precision': 0.99949924887331, 'recall': 0.998998998998999, 'f1-score': 0.9992490613266584, 'support': 1998.0}, '9': {'precision': 0.9995034756703078, 'recall': 0.9995034756703078, 'f1-score': 0.9995034756703078, 'support': 2014.0}, '10': {'precision': 0.9995032290114257, 'recall': 0.9985111662531018, 'f1-score': 0.9990069513406157, 'support': 2015.0}, '11': {'precision': 0.9951004409603136, 'recall': 0.996076508092202, 'f1-score': 0.9955882352941177, 'support': 2039.0}, '12': {'precision': 0.9980119284294234, 'recall': 0.9990049751243781, 'f1-score': 0.9985082048731975, 'support': 2010.0}, '13': {'precision': 1.0, 'recall': 1.0, 'f1-score': 1.0, 'support': 2900.0}, '14': {'precision': 1.0, 'recall': 1.0, 'f1-score': 1.0, 'support': 2818.0}, 'accuracy': 0.9987642585551331, 'macro avg': {'precision': 0.9988229061830921, 'recall': 0.9987825009649763, 'f1-score': 0.9988009192311231, 'support': 31560.0}, 'weighted avg': {'precision': 0.9987690091478904, 'recall': 0.9987642585551331, 'f1-score': 0.9987649500322057, 'support': 31560.0}}",243.8734,129.411,8.09,3.0,5692.9911236763,243.8738124370575
